<?xml version="1.0" encoding="UTF-8"?>
<project-private xmlns="http://www.netbeans.org/ns/project-private/1">
    <editor-bookmarks xmlns="http://www.netbeans.org/ns/editor-bookmarks/2" lastBookmarkId="0"/>
    <open-files xmlns="http://www.netbeans.org/ns/projectui-open-files/2">
        <group>
            <file>file:/C:/Users/081170035/Documents/NetBeansProjects/Conversação/src/conversação/Person.java</file>
            <file>file:/C:/Users/081170035/Documents/NetBeansProjects/Conversação/src/conversação/Pessoa.java</file>
            <file>file:/C:/Users/081170035/Documents/NetBeansProjects/Conversação/src/conversação/Conversação.java</file>
        </group>
    </open-files>
</project-private>
